Comentario,Comentario_Para_BERT,Sentimiento,Confianza
Aqu√≠ tienes el descuento CyberGhost VPN: https://www.cyberghostvpn.com/InteligenciaArtificial,Aqu√≠ tienes el descuento CyberGhost VPN:,Neutral,0.7459667921066284
"Y todo eso que hiciste te salio gratis? Bajar un canal entero de Youtube, transcribirlo, y todo sin un solo costo? no consume tokens de la api?","Y todo eso que hiciste te salio gratis? Bajar un canal entero de Youtube, transcribirlo, y todo sin un solo costo? no consume tokens de la api?",Negativo,0.5980222821235657
cuando terminas una frase se te va muy abajo el volumen de tu voz y no se suele entender lo que dec√≠s. Una peque√±a no menor observaci√≥n,cuando terminas una frase se te va muy abajo el volumen de tu voz y no se suele entender lo que dec√≠s. Una peque√±a no menor observaci√≥n,Negativo,0.9576291441917419
ü§£,ü§£,Neutral,0.0
ni llevado por la peor de las drogas pagar√≠a 100 pavos por eso xD,ni llevado por la peor de las drogas pagar√≠a 100 pavos por eso xD,Negativo,0.8826078772544861
"Pero tu no te informas antes de darle al boton enviar? clawdbot es una pesadilla de seguridad y la gente que lo usa esta siendo hackeada """"""en masa""""""","Pero tu no te informas antes de darle al boton enviar? clawdbot es una pesadilla de seguridad y la gente que lo usa esta siendo hackeada """"""en masa""""""",Negativo,0.9598180055618286
La parte de los riesgos es clave ‚ö† Mucha gente va a instalar esto sin entender el peligro‚Ä¶ despu√©s no digan que nadie avis√≥.,La parte de los riesgos es clave ‚ö† Mucha gente va a instalar esto sin entender el peligro‚Ä¶ despu√©s no digan que nadie avis√≥.,Negativo,0.6405344009399414
Puedexser q el video short no lo mostr√≥?,Puedexser q el video short no lo mostr√≥?,Negativo,0.5515822172164917
y la opcion de ejecutarlo en una maquina virtual?,y la opcion de ejecutarlo en una maquina virtual?,Neutral,0.7983992695808411
"nno sera el p*to malware ?, de momento mantenganse alejados de clawdbot/moltbot es un gran riesgo","nno sera el p*to malware ?, de momento mantenganse alejados de clawdbot/moltbot es un gran riesgo",Negativo,0.6961440443992615
Aqu√≠ una opini√≥n muy distinta sobre esta cosa https://m.youtube.com/watch?v=ld2-pMJOuwA,Aqu√≠ una opini√≥n muy distinta sobre esta cosa,Neutral,0.8311996459960938
Prefiero esperar a que Gemini haga algo parecido,Prefiero esperar a que Gemini haga algo parecido,Neutral,0.8438009023666382
"Podes usar un mac mini para Clawdbot y otro para tu propio modelo de LLM, estaria genial","Podes usar un mac mini para Clawdbot y otro para tu propio modelo de LLM, estaria genial",Positivo,0.5076544880867004
"Y en el m√≥vil, como lo haces??","Y en el m√≥vil, como lo haces??",Neutral,0.654896080493927
Se parece a la AI de la series de Loky. üòÖ,Se parece a la AI de la series de Loky. üòÖ,Neutral,0.516794741153717
UFF ahora es un canal de propaganda,UFF ahora es un canal de propaganda,Negativo,0.5620707869529724
Excelenteee,Excelenteee,Neutral,0.6215632557868958
Igualito a la pelicula de 2013  Her,Igualito a la pelicula de 2013 Her,Neutral,0.7194207906723022
Macbook Mini?? ;.),Macbook Mini?? ;.),Neutral,0.8104003667831421
jeje Parece mas una venta de productos.,jeje Parece mas una venta de productos.,Neutral,0.5628114342689514
Para que usarlo si va a ser riesgoso por la seguridad?,Para que usarlo si va a ser riesgoso por la seguridad?,Negativo,0.8282765746116638
"Como gestionas el m√°ximo de tokens de entrada? Porque a m√≠ en una sola conversaci√≥n sencilla me super√≥ los l√≠mites de TPM de mi API de Google (en concreto lanzaba consultas de 1.3M de tokens, una bestialidad)","Como gestionas el m√°ximo de tokens de entrada? Porque a m√≠ en una sola conversaci√≥n sencilla me super√≥ los l√≠mites de TPM de mi API de Google (en concreto lanzaba consultas de 1.3M de tokens, una bestialidad)",Neutral,0.7334039211273193
Sabes John...todo eso que hace este asistente no lo utiliza m√°s que una minor√≠a....venden porches para lo que sobra una bicicleta o unos patines...son herramientas totalmente prescindibles....como miles de herramientas de software que nadie utiliza.,Sabes John...todo eso que hace este asistente no lo utiliza m√°s que una minor√≠a....venden porches para lo que sobra una bicicleta o unos patines...son herramientas totalmente prescindibles....como miles de herramientas de software que nadie utiliza.,Negativo,0.9448588490486145
En tu miniatura parece que est√°s desguillado y que tu cerebro te lo acabo de arrancar o que te lo sustituyeron por un trozo de chicle.,En tu miniatura parece que est√°s desguillado y que tu cerebro te lo acabo de arrancar o que te lo sustituyeron por un trozo de chicle.,Negativo,0.9374504089355469
"Hey hermano una pasada..!
Saludos desde rep.dom !!
Bendiciones!",Hey hermano una pasada..! Saludos desde rep.dom !! Bendiciones!,Positivo,0.9549920558929443
Y si lo montamos en una Maquina virtual?,Y si lo montamos en una Maquina virtual?,Neutral,0.8703205585479736
"Franchement, Merci pour la valeur, j‚Äôapplique √ßa d√®s aujourd‚Äôhui. üëè Merci pour le partage.","Franchement, Merci pour la valeur, j‚Äôapplique √ßa d√®s aujourd‚Äôhui. üëè Merci pour le partage.",Positivo,0.7550890445709229
"Visto lo visto prefiero seguir con mi second brain configurado con  gemini cli + obsidian, en un lxc de proxmox. Costes controlados y con casi toda la funcionalidad.","Visto lo visto prefiero seguir con mi second brain configurado con gemini cli + obsidian, en un lxc de proxmox. Costes controlados y con casi toda la funcionalidad.",Neutral,0.7588312029838562
"genial! yo hubiera hecho que clippy reaccionara facialmente a tus comentarios... hubiera quedado gracioc√≠simo! jajaja 

p.e.: que se ponga triste cuando dijiste que quedaba aislado en una minibox... jajajaja",genial! yo hubiera hecho que clippy reaccionara facialmente a tus comentarios... hubiera quedado gracioc√≠simo! jajaja p.e.: que se ponga triste cuando dijiste que quedaba aislado en una minibox... jajajaja,Positivo,0.5786253809928894
Macbook mini??,Macbook mini??,Neutral,0.7829418182373047
Aqui veo mucho novato que no sabe del gran problema de estos agentes üòÇ,Aqui veo mucho novato que no sabe del gran problema de estos agentes üòÇ,Negativo,0.8908346891403198
el pdf es una verdadera cagada,el pdf es una verdadera cagada,Negativo,0.9747166037559509
11:37 700 palabras y cuantas m√°s? ü´¥ü´¥,11:37 700 palabras y cuantas m√°s? ü´¥ü´¥,Neutral,0.764155924320221
Saludos y gracias por la informaci√≥n,Saludos y gracias por la informaci√≥n,Positivo,0.837810754776001
Unfortunately the PDF is in Spanish please send English version!!!,Unfortunately the PDF is in Spanish please send English version!!!,Negativo,0.5604891777038574
"A m√≠ me llama la atenci√≥n la mac book Mini, donde la consigo en Per√∫ ?","A m√≠ me llama la atenci√≥n la mac book Mini, donde la consigo en Per√∫ ?",Neutral,0.8394918441772461
"Un gran video y realmente es apasionante, pero se te olvid√≥ comentar que, al funcionar con APIS, el coste es alt√≠simo. Acabo de ver el video de @dotCSV y habla de m√°s de 20 euros diarios‚Ä¶ ¬øtienes algo que comentar al respecto?","Un gran video y realmente es apasionante, pero se te olvid√≥ comentar que, al funcionar con APIS, el coste es alt√≠simo. Acabo de ver el video de @dotCSV y habla de m√°s de 20 euros diarios‚Ä¶ ¬øtienes algo que comentar al respecto?",Positivo,0.4974913001060486
Me dej√≥ pensando el promt inyecci√≥n xD si coloco un paso de seguridad para esas casos como decirle al agente que me d√© una llamada para q digite un codigo de confirmaci√≥n o quiz√° un correo o un mensaje de WhatsApp? Podr√≠a funcionar ?,Me dej√≥ pensando el promt inyecci√≥n xD si coloco un paso de seguridad para esas casos como decirle al agente que me d√© una llamada para q digite un codigo de confirmaci√≥n o quiz√° un correo o un mensaje de WhatsApp? Podr√≠a funcionar ?,Neutral,0.8952508568763733
"Menuda voz de mierda parecida a la de Loquendo o mejoran eso o no hay nada que hacer, adem√°s seguro que no sabe crear una coreograf√≠a a partir de una canci√≥n o simplemente un v√≠deo demostrativo de baile a partir de una canci√≥n, si hace eso me da igual la voz, pero a√∫n NO puede hacer eso. Es decir crear un v√≠deo a partir de una canci√≥n con una instructora (representante claro) de baile de Zumba por ejemplo con los pasos o como se baila.","Menuda voz de mierda parecida a la de Loquendo o mejoran eso o no hay nada que hacer, adem√°s seguro que no sabe crear una coreograf√≠a a partir de una canci√≥n o simplemente un v√≠deo demostrativo de baile a partir de una canci√≥n, si hace eso me da igual la voz, pero a√∫n NO puede hacer eso. Es decir crear un v√≠deo a partir de una canci√≥n con una instructora (representante claro) de baile de Zumba por ejemplo con los pasos o como se baila.",Negativo,0.9508332014083862
Y no es posible que lo haya creado Google y lo haya sacado al mercado como si lo hubiera hecho un chaval en un garaje?,Y no es posible que lo haya creado Google y lo haya sacado al mercado como si lo hubiera hecho un chaval en un garaje?,Negativo,0.8510339856147766
ni con un palo voy a tocar esta cosa. gracias,ni con un palo voy a tocar esta cosa. gracias,Negativo,0.6718131303787231
Vale Kratos.,Vale Kratos.,Neutral,0.5076778531074524
"Muy buenas John. 
Y a toda la pe√±a.
Eres un crack John.
Cres que se puede utilizar en plataformas de traiding üòÇ ?ü§îü§îü§î",Muy buenas John. Y a toda la pe√±a. Eres un crack John. Cres que se puede utilizar en plataformas de traiding üòÇ ?ü§îü§îü§î,Neutral,0.5482534766197205
Todas las semanas salen videos de nuevas IA y siempre dicen que es lo ultimo y mejor,Todas las semanas salen videos de nuevas IA y siempre dicen que es lo ultimo y mejor,Neutral,0.5691840052604675
peligroso mas que nada porque han hackeado su cuenta en la migraci√≥n de nombre,peligroso mas que nada porque han hackeado su cuenta en la migraci√≥n de nombre,Negativo,0.7899909615516663
"Creo una base de datos con todo tu contenido? debe ser una burrada de grande.

Como busca dentro de esa base de datos sii no tiene un RAG? si no tienes una base de datos vectorial que compare sem√°nticamente lo que le pides? No creo que sea lo mas preciso del mundo, dara respuestas muy superficiales. Aun asi, tremenda herramienta, ya quiero probarla :)

Saludos crack","Creo una base de datos con todo tu contenido? debe ser una burrada de grande. Como busca dentro de esa base de datos sii no tiene un RAG? si no tienes una base de datos vectorial que compare sem√°nticamente lo que le pides? No creo que sea lo mas preciso del mundo, dara respuestas muy superficiales. Aun asi, tremenda herramienta, ya quiero probarla :) Saludos crack",Negativo,0.7605304718017578
"Muy bien Jon, te has sumado a la vor√°gine de Clawbot o Motbot.
Interesante visi√≥n la tuya pero olvidas citar algunos detalles por ejemplo que mod bot tira de otra inteligencia artificial a base de claves API que en las m√°s de las veces cuesta buen dinerito seg√∫n cu√°l uses. Considero un poco despilfarro utilizar un mini PC de Apple para hacer estas cosas habi√©ndolos por la mitad de precio con m√°s potencia y caracter√≠sticas. Puede ser que alguien se le ocurra dar acceso al banco con este agente pero ser√≠a suicida guardar las claves de acceso en un archivo de texto sea cual sea la situaci√≥n. Espero que sea ruta a seguir para las dem√°s empresas de IA y hagan algo m√°s terminado y menos instrumental y de l√≠nea de comando, tambi√©n se te ha olvidado indicar que para instalarlo tienes que tener la utilidad Node.js. tampoco comentas que modbot no tiene voz ni sabe reconocer el habla que todo eso se lo tienes que implementar t√∫ a base de aplicativos o utilidades como si has citado Whisper y algunas otras cosas por qu√© pareciera que ya viene preparado con todo esto pero no es as√≠. En fin muy interesante y √∫til tu exposici√≥n y ser√° bueno que vayas cont√°ndonos tus experiencias.","Muy bien Jon, te has sumado a la vor√°gine de Clawbot o Motbot. Interesante visi√≥n la tuya pero olvidas citar algunos detalles por ejemplo que mod bot tira de otra inteligencia artificial a base de claves API que en las m√°s de las veces cuesta buen dinerito seg√∫n cu√°l uses. Considero un poco despilfarro utilizar un mini PC de Apple para hacer estas cosas habi√©ndolos por la mitad de precio con m√°s potencia y caracter√≠sticas. Puede ser que alguien se le ocurra dar acceso al banco con este agente pero ser√≠a suicida guardar las claves de acceso en un archivo de texto sea cual sea la situaci√≥n. Espero que sea ruta a seguir para las dem√°s empresas de IA y hagan algo m√°s terminado y menos instrumental y de l√≠nea de comando, tambi√©n se te ha olvidado indicar que para instalarlo tienes que tener la utilidad Node.js. tampoco comentas que modbot no tiene voz ni sabe reconocer el habla que todo eso se lo tienes que implementar t√∫ a base de aplicativos o utilidades como si has citado Whisper y algunas otras cosas por qu√© pareciera que ya viene preparado con todo esto pero no es as√≠. En fin muy interesante y √∫til tu exposici√≥n y ser√° bueno que vayas cont√°ndonos tus experiencias.",Negativo,0.8390734791755676
"En una manzanita de 700 lereles... prefiero un servidor en la nube. Supongo tambi√©n que tu pera tiene Windows instalado porque mostraste la interfaz de Windows. ¬øSe me est√° haciendo la pixa un l√≠o o como estas hablando con √©l a trav√©s de WhatsApp como medio de comunicaci√≥n? Pero aun as√≠, el filtro de instalarlo en un PC independiente ser√≠a evitar que acceda a los documentos o archivos de mi PC habitual. Me parece genial, pero los riesgos siguen estando, aun as√≠ creo que ser√° una herramienta estupenda cuando sigan puliendo y solventando estos puntos. ¬°Gracias por compartir esta herramienta genial!!!! Saludos","En una manzanita de 700 lereles... prefiero un servidor en la nube. Supongo tambi√©n que tu pera tiene Windows instalado porque mostraste la interfaz de Windows. ¬øSe me est√° haciendo la pixa un l√≠o o como estas hablando con √©l a trav√©s de WhatsApp como medio de comunicaci√≥n? Pero aun as√≠, el filtro de instalarlo en un PC independiente ser√≠a evitar que acceda a los documentos o archivos de mi PC habitual. Me parece genial, pero los riesgos siguen estando, aun as√≠ creo que ser√° una herramienta estupenda cuando sigan puliendo y solventando estos puntos. ¬°Gracias por compartir esta herramienta genial!!!! Saludos",Neutral,0.5022044777870178
14:24 Me entero de que mi banco controla mis cuentas de esta forma y les meto una denuncia que los tiro para atr√°s.,14:24 Me entero de que mi banco controla mis cuentas de esta forma y les meto una denuncia que los tiro para atr√°s.,Negativo,0.9192695617675781
Pero no mostraste el reel,Pero no mostraste el reel,Negativo,0.5477917790412903
